series,website
"A (Hubble) Tension Headache workshop (Mar 2021)","https://sites.google.com/view/a-hubble-tension-headache/programme"
"AAS","https://aas.org/meetings"
"All Things EFT","https://www.youtube.com/channel/UC1_KF6kdJFoDEcLgpcegwCQ/videos"
"APCTP Lectures","https://www.youtube.com/c/APCTP/videos"
"Aspen Physics","https://www.aspenphys.org/"
"ASU Theoretical Physics Colloquium","http://shovkovy.faculty.asu.edu/colloquium/schedule.html"
"BeyondPlanck Release Conference","https://conferences.beyondplanck.science/#/info/about"
"Caltech PMA","https://www.youtube.com/c/CaltechPMA/videos"
"Carnegie Mellon Cosmology","https://www.youtube.com/watch?v=_gvqHMvcjzM&list=PLr_iHOb3rUHZ0t3vkfYgg553jhJ8pB6Uy"
"CERN","https://cds.cern.ch/search?ln=en&cc=General+Talks&p=cosmology&action_search=Search&op1=a&m1=a&p1=&f1=&c=General+Talks&c=Videos&sf=&so=d&rm=&rg=10&sc=1&of=hb"
"CfA Colloquium","https://www.youtube.com/channel/UCApHNlZLkxmiV95A0ChueYg/videos"
"CFPU Seminars (Brown U)","https://cfpu.brown.edu/past-seminars"
"CITA Presentations","https://www.cita.utoronto.ca/events/presentation-archive/"
"Cosmo UChile","https://www.youtube.com/channel/UCaviFvqIaGQLVVIGr9hcoJA/videos"
"COSMO-16","http://cosmo16.physics.lsa.umich.edu/talks.html"
"COSMO-21","https://caps.ncsa.illinois.edu/conferences/cosmo21/cosmo-21-schedule/"
"CosmoConß","https://www.cosmologyfromhome.com/cosmoconbeta/"
"CosmoGold IAP 2019","http://www.iap.fr/vie_scientifique/colloques/Colloque_IAP/2019/"
"Cosmological Correlators workshop (Sept. 2020)","https://indico.cern.ch/event/943614/overview"
"Cosmological Frontiers in Fundamental Physics 2021","https://indico.in2p3.fr/event/19568/timetable/"
"Cosmology - The Next Decade (ICTS Jan. 2019 program)","https://www.icts.res.in/program/cosmo2019"
"Cosmology 2021: The Rise Of Field Theory","https://indico.cern.ch/event/980669/"
"Cosmology at the Crossroads (Feb. 2021)","http://physics.sbu.ac.ir/conferences/tmcc2021/"
"Cosmology from Home 2020","https://www.cosmologyfromhome.com/cosmology-from-home-2020/"
"Cosmology from Home 2021","https://www.youtube.com/playlist?list=PLbV-Vnyt_ZBu3iYtnzkytd3Lfzfo6Mrxb"
"Cosmology Lecture series by Leonard Susskind","https://www.youtube.com/watch?v=P-medYaqVak&list=PLvh0vlLitZ7c8Avsn6gUaWX05uD5cedO-&index=1"
"Cosmology on the Beach","https://www.youtube.com/watch?v=DROKbWk2cj4&list=PLvdNof40rNJmAqLCsIJmMH4zvFSLQ6f0N&index=1"
"Cosmology Talks","https://www.youtube.com/c/CosmologyTalks/videos"
"Cosmos from Your Couch","http://www.dunlap.utoronto.ca/public-outreach/couch-cosmos/"
"CosmoTools18","https://indico.cern.ch/event/688110/"
"Dark Energy Survey","https://www.youtube.com/channel/UCkAD7Un4aX--Y2ETTs_mImQ/videos"
"Dark Matter 2021: From the Smallest to the Largest Scales","https://indico.ifca.es/event/1199/timetable/#all.detailed"
"Durham University","https://icc.dur.ac.uk/"
"ESO H0 2020 Conference","https://www.eso.org/sci/meetings/2020/H0/program.html"
"First EuCAPT Annual Symposium","https://indico.cern.ch/event/853904/contributions/"
"Galileo Galilei Institute","https://www.ggi.infn.it/"
"Golden Webinars in Astronomy, Astrophysics, and Cosmology","http://astro.uc.cl/en/item-3-menu-izquierdo-2/573-golden-webinars-in-astrophysics-now-on-youtube"
"Gravitational-Wave Primordial Cosmology (May 2021)","https://indico.in2p3.fr/event/23850/contributions/"
"Gravity Seminars SISSA","https://www.youtube.com/channel/UCEzvfKbk0kNf3tjohP97FnA/videos"
"Growth of Structure over Cosmic Time (UCSC summer series 2021)","https://growthofstructure.sites.ucsc.edu/"
"Heidelberg Joint Astronomical Colloquium","https://www.youtube.com/user/AstronomyHeidelberg/videos"
"IAP (Institut d'Astrophysique de Paris)","https://www.youtube.com/playlist?list=PLUgAV7nixQ3_lh6Bn_i4q06WOUrGa5Bcn"
"IAS","https://www.ias.edu/video?tags=All&search=cosmology"
"ICTP Adv School on Cosmology 2015","http://indico.ictp.it/event/a14277/other-view?view=ictptimetable"
"ICTP Cosmology Summer School 2016","http://indico.ictp.it/event/7626/other-view?view=ictptimetable"
"ICTP Salam Distinguished Lectures","https://www.ictp.it/about-ictp/salam-lecture-series.aspx"
"ICTP Summer School 2015","http://indico.ictp.it/event/a14276/other-view?view=ictptimetable"
"ICTP Summer School on Cosmology 2018","http://indico.ictp.it/event/8317/other-view?view=ictptimetable"
"ICTP Summer School on Particle Physics 2017","http://indico.ictp.it/event/7968/other-view?view=ictptimetable"
"ICTP-HECAP19","http://indico.ictp.it/event/8690/other-view?view=ictptimetable"
"ICTP-SAIFR 3rd S.A. Dark Matter Workshop (Dec. 2020)","https://www.ictp-saifr.org/dmw2020/"
"ICTP-SAIFR Challenges for the Standard Cosmological Model (2021)","https://www.ictp-saifr.org/cosmo2021/"
"ICTP-SAIFR Early Universe Cosmology, Baryogenesis and Dark Matter Workshop (Oct. 2019)","https://www.ictp-saifr.org/dark-universe-workshop-early-universe-cosmology-baryogenesis-and-dark-matter/"
"ICTP-SAIFR Latin American Workshop on Observational Cosmology (Dec. 2020)","https://www.ictp-saifr.org/lawoc2020/"
"ICTP-SAIFR New Trends in Dark Matter workshop (Dec. 2020)","https://www.ictp-saifr.org/ntdm2020/"
"ICTP-SAIFR School on Observational Cosmology 2019","https://www.ictp-saifr.org/iii-joint-ictp-trieste-ictp-saifr-school-on-observational-cosmology/"
"ICTP-SAIFR School on Open Problems in Cosmology (2017)","https://www.ictp-saifr.org/ictp-triesteictp-saifr-school-on-open-problems-in-cosmology/"
"ICTP-SAIFR Workshop on Cosmology in the LSST Era (Dec. 2018)","https://www.ictp-saifr.org/south-american-workshop-on-cosmology-in-the-lsst-era/"
"ICTS Physics of the Early Universe (Sept 2020 program)","https://www.icts.res.in/program/peu/talks"
"IFT Webinars","https://www.youtube.com/channel/UCcdmQRtxk_xdpt9iFATTDQQ/videos"
"International Loop Quantum Gravity Seminar","http://relativity.phys.lsu.edu/ilqgs/"
"ITB Summer School on Galaxies and Cosmology 2020","https://www.as.itb.ac.id/ssgc2020/programs/"
"Jagiellonian U. 3rd Cosmology School","http://cosmoschool2017.oa.uj.edu.pl/program.html"
"KICP Colloquia","https://www.youtube.com/channel/UCejbBNzH6AfWNwg5V_AQGlg/videos"
"KICP Cosmic Controversies conference","https://kicp-workshops.uchicago.edu/2019-COSMIC/program.php"
"KIPAC","https://www.youtube.com/c/kipac/playlists"
"KITP Cosmology Talks","http://homer2.kitp.ucsb.edu/cgi-bin/rcarini/search.py?title_words=&speaker=&field=Y&min_scope=0&since_year=2005&inst="
"Latin American Webinars on Physics","https://lawphysics.wordpress.com/"
"Learn the Universe - an ML X Cosmology Workshop (Simons Fdn)","https://www.simonsfoundation.org/event/learn-the-universe-an-ml-x-cosmology-workshop/"
"Les Houches Summer School 2021: Dark Matter","https://indico.cern.ch/event/949654/"
"Licia Verde's Talks (youtube playlist)","https://www.youtube.com/watch?v=C_nim3H7GYE&list=PLb0Uu8daWIA0eDBxZEHvf5-l2OAUCujZW&index=1"
"LSST Dark Energy Science Collaboration","https://lsstdesc.org/"
"McGill HEP Seminars","https://www.physics.mcgill.ca/~matteop/HEPTHwebsite.html"
"Miscellaneous",""
"MIT 8.286 The Early Universe: 2020 course by Alan Guth","https://web.mit.edu/8.286/www/"
"MITP Non-perturbative Phenomena and the Early Universe","https://www.youtube.com/playlist?list=PLejkXpUan6WFDQGVd6f6-eIfxbQpYljL2"
"MITP Summer School 2017","https://indico.mitp.uni-mainz.de/event/88/overview"
"MLclub.net","http://mlclub.net"
"Neutrino 2020","https://indico.fnal.gov/event/43209/timetable/#b-18144-neutrino-cosmology-tal"
"Newton1665","https://www.youtube.com/c/Newton1665physicsseminars/videos"
"NORDITA","https://www.nordita.org/video/index.php?ev=advcosmo2017"
"NYU Physics Research Seminars","https://physics.nyu.edu/events.html"
"PASCOS 2015","http://indico.ictp.it/event/a14275/other-view?view=ictptimetable"
"Perimeter Institute","http://pirsa.org"
"PPC2021: Interconnections between Particle Physics and Cosmology","https://indico.cern.ch/event/822029/"
"PSW Science","https://pswscience.org/"
"QMUL Cosmology Seminars","https://www.youtube.com/channel/UCSqkcW7CMS5X7TArwO5Vpbw/videos"
"Quantum Aspects of Space-Time and Matter","https://www.youtube.com/playlist?list=PLzW8AJcryManrTsG-4U4z9ip1J1dWoNgd"
"Remote2020 (INAF OAS Bologna)","https://www.youtube.com/watch?v=eG2wboBd8wQ&list=PLUG66FrX9GisnZ4dV3lnJemTB8SpLa6fW"
"Risa Wechsler's Talks","https://www.youtube.com/playlist?list=PL93BCCE8FAC40EBD5"
"Simons Foundation","https://www.simonsfoundation.org/"
"Simons Summer Workshop 2019","http://scgp.stonybrook.edu/archives/28200"
"SLAC","https://indico.slac.stanford.edu/"
"Stanford Physics Colloquia","https://www.youtube.com/user/StanfordPhysics/videos"
"STScI","https://cloudproject.hosted.panopto.com/Panopto/Pages/Sessions/List.aspx"
"TASI 2018","https://physicslearning.colorado.edu/tasi/tasi_2018/tasi_2018.html"
"TASI 2020","https://physicslearning.colorado.edu/tasi/tasi_2020/tasi_2020.html"
"TAUP 2021","https://indico.ific.uv.es/event/6178/timetable/#all.detailed"
"TeVPA 2017","https://tevpa2017.osu.edu/"
"Texas Symposium on Relativistic Astrophysics","https://indico.cern.ch/event/336103/page/3176-plenary-talks"
"U. de Santiago de Chile physics dept.","https://www.youtube.com/c/DepartamentodeFísicaUSACH/videos"
"UC Riverside Colloquia","https://physics.ucr.edu/colloquia-seminars/previous-colloquia-and-videos"
"UMich 2020 Cosmology Summer School on LSS","https://sites.google.com/a/umich.edu/cosmology-summer-school-2020/home"
"University of Oslo: Cosmology II course","https://cmb.wintherscoming.no/schedule.php"
"University of Toronto (UTASX)","https://asx.sa.utoronto.ca/"
"University of Toronto Physics Colloquium","https://www.youtube.com/channel/UCVRy29tW8aPN_lE-B0yC4Aw/videos"
"UW Madison Seminars","https://www.youtube.com/channel/UCCLPwWUFaHRj5ikgvg6cL7Q/videos"
"UZH seminars and programs","https://www.youtube.com/channel/UCSuqqBNfOMti2sayMiXRafw/videos"
"Weak Interactions and Neutrinos 2021","https://www.youtube.com/channel/UCP7v5u5LltwNpJLvzRgXu6Q/playlists"
"Zurich Physics Colloquium","https://video.ethz.ch/speakers/zurich_physics_colloquium.html"
